{
    "epoch": 3.0,
    "eval_accuracy": 0.9083601286173634,
    "eval_combined_score": 0.8929464676405827,
    "eval_f1": 0.877532806663802,
    "eval_loss": 0.253528892993927,
    "eval_runtime": 529.1454,
    "eval_samples": 40430,
    "eval_samples_per_second": 76.406,
    "eval_steps_per_second": 76.406,
    "size_of": 498596904
}