{
    "epoch": 3.0,
    "eval_accuracy": 0.628158844765343,
    "eval_loss": 0.7136052846908569,
    "eval_runtime": 3.5973,
    "eval_samples": 277,
    "eval_samples_per_second": 77.002,
    "eval_steps_per_second": 77.002,
    "size_of": 437943304
}