{
    "epoch": 3.0,
    "eval_accuracy": 0.628158844765343,
    "eval_loss": 0.7136052846908569,
    "eval_runtime": 3.6109,
    "eval_samples": 277,
    "eval_samples_per_second": 76.712,
    "eval_steps_per_second": 76.712
}