{
    "epoch": 1.0,
    "eval_accuracy": 0.7107843137254902,
    "eval_combined_score": 0.7632046568627451,
    "eval_f1": 0.8156249999999999,
    "eval_loss": 0.5639323592185974,
    "eval_runtime": 2.9541,
    "eval_samples": 408,
    "eval_samples_per_second": 138.113,
    "eval_steps_per_second": 138.113,
    "size_of": 357684232,
    "used_cpu": 0.428125,
    "used_cpumem": 3398,
    "used_gpu": 37.0,
    "used_gpumem": 8323.4375
}