{
    "epoch": 1.0,
    "eval_accuracy": 0.8685703825736775,
    "eval_loss": 0.30451419949531555,
    "eval_runtime": 39.5108,
    "eval_samples": 5463,
    "eval_samples_per_second": 138.266,
    "eval_steps_per_second": 138.266,
    "size_of": 357684232,
    "used_cpu": 0.42890625,
    "used_cpumem": 3437,
    "used_gpu": 37.0,
    "used_gpumem": 8323.4375
}