{
    "epoch": 3.0,
    "eval_accuracy": 0.6750902527075813,
    "eval_loss": 0.6579390168190002,
    "eval_runtime": 4.4707,
    "eval_samples": 277,
    "eval_samples_per_second": 61.958,
    "eval_steps_per_second": 61.958
}