{
    "eval_accuracy": 0.9069750185505813,
    "eval_combined_score": 0.8908855584779938,
    "eval_f1": 0.8747960984054063,
    "eval_loss": 0.26382583379745483,
    "eval_runtime": 71.5387,
    "eval_samples": 40430,
    "eval_samples_per_second": 565.148,
    "eval_steps_per_second": 8.834,
    "size_of": 433255432,
    "used_cpu": 5.99,
    "used_cpumem": 3761,
    "used_gpu": 31.333333333333332,
    "used_gpumem": 8325.5625
}