{
    "epoch": 1.0,
    "eval_accuracy": 0.7671568627450981,
    "eval_combined_score": 0.8083010938131195,
    "eval_f1": 0.849445324881141,
    "eval_loss": 0.5166506767272949,
    "eval_runtime": 11.4499,
    "eval_samples": 408,
    "eval_samples_per_second": 35.633,
    "eval_steps_per_second": 11.878
}