{
    "epoch": 3.0,
    "eval_accuracy": 0.9107593371258966,
    "eval_combined_score": 0.8949036377215135,
    "eval_f1": 0.8790479383171304,
    "eval_loss": 0.2852953374385834,
    "eval_runtime": 294.0656,
    "eval_samples": 40430,
    "eval_samples_per_second": 137.486,
    "eval_steps_per_second": 137.486,
    "size_of": 433255432,
    "used_cpu": 0.429296875,
    "used_cpumem": 3776,
    "used_gpu": 42.0,
    "used_gpumem": 10185.4375
}