Task,eval_accuracy
boolq,0.7354739904403687
cb,0.7857142686843872,0.6497584541062803
copa,0.5199999809265137
multirc,0.08814270724029381,0.598274209012464,0.5403207147837094
record,,,
rte,0.6245487332344055
wic,0.5078369975090027
wsc,0.5384615384615384,0.6666666666666667
