{
    "eval_combined_score": 0.8806073492050461,
    "eval_loss": 0.528213620185852,
    "eval_pearson": 0.8820569772993173,
    "eval_runtime": 1.7723,
    "eval_samples": 1500,
    "eval_samples_per_second": 846.345,
    "eval_spearmanr": 0.879157721110775,
    "eval_steps_per_second": 13.542,
    "size_of": 216630274,
    "used_cpu": 4.99,
    "used_cpumem": 3001,
    "used_gpu": 37.5,
    "used_gpumem": 3829.625
}