{
    "eval_accuracy": 0.8088235294117647,
    "eval_combined_score": 0.8378588636819916,
    "eval_f1": 0.8668941979522184,
    "eval_loss": 0.4415777325630188,
    "eval_runtime": 0.7327,
    "eval_samples": 408,
    "eval_samples_per_second": 556.829,
    "eval_steps_per_second": 9.553,
    "size_of": 182881816,
    "used_cpu": 4.99,
    "used_cpumem": 3178,
    "used_gpu": 44.5,
    "used_gpumem": 4355.5625
}