{
    "epoch": 3.0,
    "eval_accuracy": 0.8853821419737818,
    "eval_combined_score": 0.8677266604782848,
    "eval_f1": 0.8500711789827878,
    "eval_loss": 0.28088536858558655,
    "eval_runtime": 326.808,
    "eval_samples": 40430,
    "eval_samples_per_second": 123.712,
    "eval_steps_per_second": 123.712
}