{
    "epoch": 3.0,
    "eval_accuracy": 0.8676470588235294,
    "eval_combined_score": 0.8861203491997506,
    "eval_f1": 0.9045936395759717,
    "eval_loss": 0.37230560183525085,
    "eval_runtime": 3.0819,
    "eval_samples": 408,
    "eval_samples_per_second": 132.385,
    "eval_steps_per_second": 132.385,
    "size_of": 433255432,
    "used_cpu": 0.428515625,
    "used_cpumem": 3399,
    "used_gpu": 40.0,
    "used_gpumem": 10183.4375
}