{
    "eval_combined_score": 0.8800754631712845,
    "eval_loss": 0.5291935801506042,
    "eval_pearson": 0.8812993259569792,
    "eval_runtime": 10.0382,
    "eval_samples": 1500,
    "eval_samples_per_second": 149.428,
    "eval_spearmanr": 0.8788516003855897,
    "eval_steps_per_second": 2.391,
    "size_of": 182880012,
    "used_cpu": 5.495,
    "used_cpumem": 2996,
    "used_gpu": 46.0,
    "used_gpumem": 4333.5
}