{
    "epoch": 1.0,
    "eval_accuracy": 0.8690823645807568,
    "eval_combined_score": 0.8490516322693815,
    "eval_f1": 0.8290208999580062,
    "eval_loss": 0.6287931203842163,
    "eval_runtime": 1124.2177,
    "eval_samples": 40430,
    "eval_samples_per_second": 35.963,
    "eval_steps_per_second": 11.988
}