{
    "epoch": 3.0,
    "eval_accuracy": 0.9075686371506307,
    "eval_combined_score": 0.8920708066685875,
    "eval_f1": 0.8765729761865443,
    "eval_loss": 0.2600342631340027,
    "eval_runtime": 303.5893,
    "eval_samples": 40430,
    "eval_samples_per_second": 133.173,
    "eval_steps_per_second": 133.173,
    "size_of": 328487976
}