{
    "epoch": 3.0,
    "eval_accuracy": 0.9075686371506307,
    "eval_combined_score": 0.8920708066685875,
    "eval_f1": 0.8765729761865443,
    "eval_loss": 0.2600342631340027,
    "eval_runtime": 306.8217,
    "eval_samples": 40430,
    "eval_samples_per_second": 131.77,
    "eval_steps_per_second": 131.77
}