{
    "eval_accuracy": 0.9066447007138935,
    "eval_loss": 0.2699720859527588,
    "eval_runtime": 9.3711,
    "eval_samples": 5463,
    "eval_samples_per_second": 582.962,
    "eval_steps_per_second": 9.177,
    "size_of": 433255432,
    "used_cpu": 5.495,
    "used_cpumem": 3695,
    "used_gpu": 31.0,
    "used_gpumem": 8123.3125
}