{
    "eval_accuracy": 0.9060955518945635,
    "eval_loss": 0.27356940507888794,
    "eval_runtime": 9.4955,
    "eval_samples": 5463,
    "eval_samples_per_second": 575.327,
    "eval_steps_per_second": 9.057,
    "size_of": 352389128,
    "used_cpu": 11.655,
    "used_cpumem": 3863,
    "used_gpu": 31.0,
    "used_gpumem": 8064.0
}