{
    "epoch": 3.0,
    "eval_combined_score": 0.844175745882332,
    "eval_loss": 0.6759268641471863,
    "eval_pearson": 0.84549285924671,
    "eval_runtime": 12.411,
    "eval_samples": 1500,
    "eval_samples_per_second": 120.861,
    "eval_spearmanr": 0.842858632517954,
    "eval_steps_per_second": 120.861,
    "size_of": 510345264,
    "used_cpu": 0.428515625,
    "used_cpumem": 2472,
    "used_gpu": 38.0,
    "used_gpumem": 15473.4375
}