{
    "eval_accuracy": 0.8397350993377484,
    "eval_accuracy_mm": 0.8413344182262001,
    "eval_loss": 0.475830078125,
    "eval_loss_mm": 0.46875,
    "eval_runtime": 8.0791,
    "eval_runtime_mm": 8.0472,
    "eval_samples": 9815,
    "eval_samples_mm": 9832,
    "eval_samples_per_second": 1214.859,
    "eval_samples_per_second_mm": 1221.792,
    "eval_steps_per_second": 19.061,
    "eval_steps_per_second_mm": 19.137,
    "size_of": 216633350,
    "used_cpu": 5.41,
    "used_cpumem": 3777,
    "used_gpu": 37.5,
    "used_gpumem": 3823.1875
}