{
    "epoch": 1.0,
    "eval_accuracy": 0.5703971119133574,
    "eval_loss": 0.692894697189331,
    "eval_runtime": 5.3678,
    "eval_samples": 277,
    "eval_samples_per_second": 51.604,
    "eval_steps_per_second": 17.325
}