{
    "epoch": 1.0,
    "epoch_mm": 1.0,
    "eval_accuracy": 0.7988792664289353,
    "eval_accuracy_mm": 0.8022782750203418,
    "eval_loss": 0.506385087966919,
    "eval_loss_mm": 0.49050211906433105,
    "eval_runtime": 71.0179,
    "eval_runtime_mm": 70.9653,
    "eval_samples": 9815,
    "eval_samples_mm": 9832,
    "eval_samples_per_second": 138.205,
    "eval_samples_per_second_mm": 138.547,
    "eval_steps_per_second": 138.205,
    "eval_steps_per_second_mm": 138.547,
    "size_of": 357687308,
    "used_cpu": 0.428515625,
    "used_cpumem": 3702,
    "used_gpu": 37.0,
    "used_gpumem": 8323.4375
}