{
    "epoch": 3.0,
    "eval_accuracy": 0.9049468216670788,
    "eval_combined_score": 0.8888749598356247,
    "eval_f1": 0.8728030980041704,
    "eval_loss": 0.2732040584087372,
    "eval_runtime": 168.1228,
    "eval_samples": 40430,
    "eval_samples_per_second": 240.479,
    "eval_steps_per_second": 240.479,
    "size_of": 267824136,
    "used_cpu": 0.428515625,
    "used_cpumem": 3344,
    "used_gpu": 20.0,
    "used_gpumem": 9226.4375
}