{
    "eval_loss": 0.4972820281982422,
    "eval_matthews_correlation": 0.5547291984984687,
    "eval_runtime": 1.7621,
    "eval_samples": 1043,
    "eval_samples_per_second": 591.921,
    "eval_steps_per_second": 9.648,
    "size_of": 433255432,
    "used_cpu": 5.375,
    "used_cpumem": 3657,
    "used_gpu": 30.333333333333332,
    "used_gpumem": 8122.3125
}