{
    "eval_accuracy": 0.8112745098039216,
    "eval_combined_score": 0.8404934308748879,
    "eval_f1": 0.8697123519458544,
    "eval_loss": 0.440185546875,
    "eval_runtime": 0.353,
    "eval_samples": 408,
    "eval_samples_per_second": 1155.892,
    "eval_steps_per_second": 19.831,
    "size_of": 216631812,
    "used_cpu": 4.99,
    "used_cpumem": 3747,
    "used_gpu": 38.0,
    "used_gpumem": 3823.1875
}