{
    "epoch": 3.0,
    "eval_combined_score": 0.9059197557148251,
    "eval_loss": 0.4332723915576935,
    "eval_pearson": 0.9066134960690859,
    "eval_runtime": 11.5721,
    "eval_samples": 1500,
    "eval_samples_per_second": 129.622,
    "eval_spearmanr": 0.9052260153605641,
    "eval_steps_per_second": 129.622
}