{
    "eval_accuracy": 0.6462093862815884,
    "eval_loss": 0.6381123065948486,
    "eval_runtime": 0.5239,
    "eval_samples": 277,
    "eval_samples_per_second": 528.715,
    "eval_steps_per_second": 9.544,
    "size_of": 352389128,
    "used_cpu": 10.985,
    "used_cpumem": 3863,
    "used_gpu": 29.0,
    "used_gpumem": 8020.4375
}