{
    "epoch": 3.0,
    "eval_accuracy": 0.8854109463664653,
    "eval_loss": 0.2872481346130371,
    "eval_runtime": 45.0969,
    "eval_samples": 5463,
    "eval_samples_per_second": 121.139,
    "eval_steps_per_second": 121.139,
    "size_of": 510348336,
    "used_cpu": 0.428515625,
    "used_cpumem": 3651,
    "used_gpu": 38.0,
    "used_gpumem": 15473.4375
}