{
    "epoch": 3.0,
    "eval_accuracy": 0.5492957746478874,
    "eval_loss": 0.6969473361968994,
    "eval_runtime": 0.9327,
    "eval_samples": 71,
    "eval_samples_per_second": 76.122,
    "eval_steps_per_second": 76.122
}