{
    "epoch": 3.0,
    "eval_accuracy": 0.5633802816901409,
    "eval_loss": 0.6953863501548767,
    "eval_runtime": 0.5137,
    "eval_samples": 71,
    "eval_samples_per_second": 138.212,
    "eval_steps_per_second": 138.212,
    "size_of": 433255432,
    "used_cpu": 0.389453125,
    "used_cpumem": 3440,
    "used_gpu": 41.0,
    "used_gpumem": 10185.4375
}