{
    "epoch": 3.0,
    "epoch_mm": 3.0,
    "eval_accuracy": 0.8030919446704637,
    "eval_accuracy_mm": 0.8030919446704637,
    "eval_loss": 0.5191069841384888,
    "eval_loss_mm": 0.5191069841384888,
    "eval_runtime": 52.7701,
    "eval_runtime_mm": 51.1854,
    "eval_samples": 9832,
    "eval_samples_mm": 9832,
    "eval_samples_per_second": 186.318,
    "eval_samples_per_second_mm": 192.086,
    "eval_steps_per_second": 186.318,
    "eval_steps_per_second_mm": 192.086,
    "size_of": 333951000
}