{
    "eval_loss": 0.497314453125,
    "eval_matthews_correlation": 0.5547291984984687,
    "eval_runtime": 0.8751,
    "eval_samples": 1043,
    "eval_samples_per_second": 1191.862,
    "eval_steps_per_second": 19.426,
    "size_of": 216631812,
    "used_cpu": 4.99,
    "used_cpumem": 3658,
    "used_gpu": 37.5,
    "used_gpumem": 3823.1875
}