{
    "epoch": 3.0,
    "eval_accuracy": 0.8774509803921569,
    "eval_combined_score": 0.8953227124183006,
    "eval_f1": 0.9131944444444444,
    "eval_loss": 0.39055946469306946,
    "eval_runtime": 5.802,
    "eval_samples": 408,
    "eval_samples_per_second": 70.321,
    "eval_steps_per_second": 70.321,
    "size_of": 437943304
}