{
    "epoch": 1.0,
    "eval_accuracy": 0.6887254901960784,
    "eval_combined_score": 0.7511175174915782,
    "eval_f1": 0.8135095447870779,
    "eval_loss": 0.5858030915260315,
    "eval_runtime": 4.4784,
    "eval_samples": 408,
    "eval_samples_per_second": 91.105,
    "eval_steps_per_second": 30.368
}