{
    "epoch": 3.0,
    "epoch_mm": 3.0,
    "eval_accuracy": 0.8226184411614875,
    "eval_accuracy_mm": 0.8221114727420668,
    "eval_loss": 0.5686147212982178,
    "eval_loss_mm": 0.547798216342926,
    "eval_runtime": 72.253,
    "eval_runtime_mm": 73.4676,
    "eval_samples": 9815,
    "eval_samples_mm": 9832,
    "eval_samples_per_second": 135.842,
    "eval_samples_per_second_mm": 133.828,
    "eval_steps_per_second": 135.842,
    "eval_steps_per_second_mm": 133.828
}