{
    "epoch": 1.0,
    "eval_accuracy": 0.9071938495332235,
    "eval_loss": 0.23307673633098602,
    "eval_runtime": 38.9155,
    "eval_samples": 5463,
    "eval_samples_per_second": 140.381,
    "eval_steps_per_second": 140.381,
    "size_of": 433255432,
    "used_cpu": 0.428515625,
    "used_cpumem": 3500,
    "used_gpu": 41.0,
    "used_gpumem": 10183.4375
}