{
    "eval_combined_score": 0.8811119580031594,
    "eval_loss": 0.5271875858306885,
    "eval_pearson": 0.8825420445858548,
    "eval_runtime": 9.8376,
    "eval_samples": 1500,
    "eval_samples_per_second": 152.477,
    "eval_spearmanr": 0.8796818714204642,
    "eval_steps_per_second": 2.44,
    "size_of": 352386052,
    "used_cpu": 11.48,
    "used_cpumem": 3065,
    "used_gpu": 30.333333333333332,
    "used_gpumem": 8058.6875
}