{
    "epoch": 1.0,
    "eval_loss": 0.4499550461769104,
    "eval_matthews_correlation": 0.49678228082965264,
    "eval_runtime": 7.5396,
    "eval_samples": 1043,
    "eval_samples_per_second": 138.336,
    "eval_steps_per_second": 138.336,
    "size_of": 433255432,
    "used_cpu": 0.428515625,
    "used_cpumem": 3121,
    "used_gpu": 40.0,
    "used_gpumem": 10183.4375
}