{
    "eval_accuracy": 0.9064308681672025,
    "eval_combined_score": 0.8901002150239063,
    "eval_f1": 0.8737695618806101,
    "eval_loss": 0.2655024528503418,
    "eval_runtime": 71.7302,
    "eval_samples": 40430,
    "eval_samples_per_second": 563.64,
    "eval_steps_per_second": 8.811,
    "size_of": 182881816,
    "used_cpu": 5.99,
    "used_cpumem": 3234,
    "used_gpu": 47.0,
    "used_gpumem": 4401.6875
}