{
    "eval_accuracy": 0.8112745098039216,
    "eval_combined_score": 0.8404934308748879,
    "eval_f1": 0.8697123519458544,
    "eval_loss": 0.43998801708221436,
    "eval_runtime": 0.6784,
    "eval_samples": 408,
    "eval_samples_per_second": 601.385,
    "eval_steps_per_second": 10.318,
    "size_of": 433255432,
    "used_cpu": 4.99,
    "used_cpumem": 3687,
    "used_gpu": 28.666666666666668,
    "used_gpumem": 8122.9375
}