{
    "epoch": 3.0,
    "eval_combined_score": 0.8845874970620137,
    "eval_loss": 0.4939233362674713,
    "eval_pearson": 0.8861783552943983,
    "eval_runtime": 11.4158,
    "eval_samples": 1500,
    "eval_samples_per_second": 131.397,
    "eval_spearmanr": 0.8829966388296291,
    "eval_steps_per_second": 131.397
}