{
    "epoch": 3.0,
    "eval_accuracy": 0.9154310818231741,
    "eval_loss": 0.3710443079471588,
    "eval_runtime": 70.9662,
    "eval_samples": 5463,
    "eval_samples_per_second": 76.98,
    "eval_steps_per_second": 76.98
}