{
    "epoch": 3.0,
    "eval_combined_score": 0.889367847079735,
    "eval_loss": 0.5100849866867065,
    "eval_pearson": 0.8905589076314564,
    "eval_runtime": 12.7607,
    "eval_samples": 1500,
    "eval_samples_per_second": 117.548,
    "eval_spearmanr": 0.8881767865280137,
    "eval_steps_per_second": 117.548
}