{
    "epoch": 3.0,
    "eval_accuracy": 0.9094978976007915,
    "eval_combined_score": 0.8938285665287431,
    "eval_f1": 0.8781592354566947,
    "eval_loss": 0.3114608824253082,
    "eval_runtime": 528.9724,
    "eval_samples": 40430,
    "eval_samples_per_second": 76.431,
    "eval_steps_per_second": 76.431,
    "size_of": 437943304
}