{
    "epoch": 3.0,
    "eval_accuracy": 0.6498194945848376,
    "eval_loss": 0.641120970249176,
    "eval_runtime": 2.2447,
    "eval_samples": 277,
    "eval_samples_per_second": 123.4,
    "eval_steps_per_second": 123.4
}