{
    "epoch": 1.0,
    "eval_accuracy": 0.8727805235218744,
    "eval_loss": 0.37414923310279846,
    "eval_runtime": 50.4424,
    "eval_samples": 5463,
    "eval_samples_per_second": 108.302,
    "eval_steps_per_second": 36.101,
    "size_of": 1444466784
}