{
    "epoch": 3.0,
    "eval_accuracy": 0.6714801444043321,
    "eval_loss": 0.7140453457832336,
    "eval_runtime": 2.0986,
    "eval_samples": 277,
    "eval_samples_per_second": 131.993,
    "eval_steps_per_second": 131.993
}