{
    "epoch": 3.0,
    "eval_accuracy": 0.5884476534296029,
    "eval_loss": 0.6825172901153564,
    "eval_runtime": 1.177,
    "eval_samples": 277,
    "eval_samples_per_second": 235.338,
    "eval_steps_per_second": 235.338,
    "size_of": 267824136,
    "used_cpu": 0.428515625,
    "used_cpumem": 3130,
    "used_gpu": 19.5,
    "used_gpumem": 9226.4375
}