{
    "epoch": 3.0,
    "eval_accuracy": 0.7941176470588235,
    "eval_combined_score": 0.8288770053475936,
    "eval_f1": 0.8636363636363636,
    "eval_loss": 0.5046169757843018,
    "eval_runtime": 2.002,
    "eval_samples": 408,
    "eval_samples_per_second": 203.797,
    "eval_steps_per_second": 203.797
}