{
    "epoch": 3.0,
    "eval_combined_score": 0.807469014227588,
    "eval_loss": 0.9295854568481445,
    "eval_pearson": 0.8072237813694625,
    "eval_runtime": 7.2734,
    "eval_samples": 1500,
    "eval_samples_per_second": 206.23,
    "eval_spearmanr": 0.8077142470857136,
    "eval_steps_per_second": 206.23,
    "size_of": 333944856
}