{
    "eval_accuracy": 0.8953747217412812,
    "eval_combined_score": 0.8749069066380184,
    "eval_f1": 0.8544390915347556,
    "eval_loss": 0.27703553438186646,
    "eval_runtime": 1130.8751,
    "eval_samples": 40430,
    "eval_samples_per_second": 35.751,
    "eval_steps_per_second": 0.559,
    "size_of": 9950208,
    "used_cpu": 52.44500000000001,
    "used_cpumem": 4277,
    "used_gpu": 29.333333333333332,
    "used_gpumem": 8293.5
}