{
    "eval_combined_score": 0.880600328438466,
    "eval_loss": 0.5280964374542236,
    "eval_pearson": 0.8820576203474179,
    "eval_runtime": 3.2497,
    "eval_samples": 1500,
    "eval_samples_per_second": 461.576,
    "eval_spearmanr": 0.8791430365295143,
    "eval_steps_per_second": 7.385,
    "size_of": 433252356,
    "used_cpu": 4.995,
    "used_cpumem": 2995,
    "used_gpu": 31.0,
    "used_gpumem": 8139.1875
}