{
    "eval_combined_score": 0.8800763302743748,
    "eval_loss": 0.5290645956993103,
    "eval_pearson": 0.8813072190195598,
    "eval_runtime": 2.0017,
    "eval_samples": 1500,
    "eval_samples_per_second": 749.379,
    "eval_spearmanr": 0.8788454415291898,
    "eval_steps_per_second": 11.99,
    "size_of": 138592010,
    "used_cpu": 5.49,
    "used_cpumem": 2996,
    "used_gpu": 39.0,
    "used_gpumem": 3641.5
}