{
    "eval_accuracy": 0.4507042253521127,
    "eval_loss": 0.7001953125,
    "eval_runtime": 0.071,
    "eval_samples": 71,
    "eval_samples_per_second": 999.492,
    "eval_steps_per_second": 28.155,
    "size_of": 179912196,
    "used_cpu": 3.46,
    "used_cpumem": 3658,
    "used_gpu": 16.5,
    "used_gpumem": 3636.0625
}