{
    "epoch": 3.0,
    "eval_accuracy": 0.9126853377265239,
    "eval_loss": 0.30855879187583923,
    "eval_runtime": 39.6431,
    "eval_samples": 5463,
    "eval_samples_per_second": 137.805,
    "eval_steps_per_second": 137.805,
    "size_of": 433255432,
    "used_cpu": 0.428515625,
    "used_cpumem": 3493,
    "used_gpu": 42.0,
    "used_gpumem": 10183.4375
}