{
    "epoch": 3.0,
    "eval_accuracy": 0.8979718031164976,
    "eval_combined_score": 0.8817136487124286,
    "eval_f1": 0.8654554943083598,
    "eval_loss": 0.26778072118759155,
    "eval_runtime": 657.3385,
    "eval_samples": 40430,
    "eval_samples_per_second": 61.506,
    "eval_steps_per_second": 61.506
}