{
    "eval_accuracy": 0.906331931733861,
    "eval_combined_score": 0.8899924430297104,
    "eval_f1": 0.8736529543255597,
    "eval_loss": 0.265380859375,
    "eval_runtime": 34.8658,
    "eval_samples": 40430,
    "eval_samples_per_second": 1159.59,
    "eval_steps_per_second": 18.127,
    "size_of": 138593300,
    "used_cpu": 5.49,
    "used_cpumem": 3260,
    "used_gpu": 40.0,
    "used_gpumem": 3649.875
}