{
    "epoch": 3.0,
    "eval_accuracy": 0.926605504587156,
    "eval_loss": 0.2834567725658417,
    "eval_runtime": 11.3339,
    "eval_samples": 872,
    "eval_samples_per_second": 76.937,
    "eval_steps_per_second": 76.937,
    "size_of": 437943304
}