{
    "epoch": 3.0,
    "eval_accuracy": 0.8946078431372549,
    "eval_combined_score": 0.9097821065599014,
    "eval_f1": 0.9249563699825479,
    "eval_loss": 0.3220095932483673,
    "eval_runtime": 5.4523,
    "eval_samples": 408,
    "eval_samples_per_second": 74.83,
    "eval_steps_per_second": 74.83,
    "size_of": 498596904
}