{
    "eval_combined_score": 0.8804239190850347,
    "eval_loss": 0.5307499766349792,
    "eval_pearson": 0.8815492006920027,
    "eval_runtime": 1.9754,
    "eval_samples": 1500,
    "eval_samples_per_second": 759.352,
    "eval_spearmanr": 0.8792986374780666,
    "eval_steps_per_second": 12.15,
    "size_of": 179910658,
    "used_cpu": 5.42,
    "used_cpumem": 2993,
    "used_gpu": 38.0,
    "used_gpumem": 3670.9375
}