{
    "epoch": 3.0,
    "eval_accuracy": 0.9027207519168934,
    "eval_combined_score": 0.8864358158871337,
    "eval_f1": 0.870150879857374,
    "eval_loss": 0.3037664294242859,
    "eval_runtime": 296.0845,
    "eval_samples": 40430,
    "eval_samples_per_second": 136.549,
    "eval_steps_per_second": 136.549,
    "size_of": 267824136
}