{
    "epoch": 1.0,
    "eval_accuracy": 0.8137254901960784,
    "eval_combined_score": 0.8435294117647059,
    "eval_f1": 0.8733333333333333,
    "eval_loss": 0.4516318738460541,
    "eval_runtime": 2.9317,
    "eval_samples": 408,
    "eval_samples_per_second": 139.169,
    "eval_steps_per_second": 139.169,
    "size_of": 433255432,
    "used_cpu": 0.428515625,
    "used_cpumem": 3207,
    "used_gpu": 41.0,
    "used_gpumem": 10183.4375
}