{
    "epoch": 1.0,
    "eval_combined_score": 0.86568958453711,
    "eval_loss": 0.5788558125495911,
    "eval_pearson": 0.8678265276315823,
    "eval_runtime": 10.642,
    "eval_samples": 1500,
    "eval_samples_per_second": 140.951,
    "eval_spearmanr": 0.8635526414426375,
    "eval_steps_per_second": 140.951,
    "size_of": 433252356,
    "used_cpu": 0.38984375,
    "used_cpumem": 2466,
    "used_gpu": 41.0,
    "used_gpumem": 10183.4375
}