{
    "epoch": 1.0,
    "eval_accuracy": 0.8811526094484294,
    "eval_combined_score": 0.8622603025075704,
    "eval_f1": 0.8433679955667112,
    "eval_loss": 0.39133647084236145,
    "eval_runtime": 449.0822,
    "eval_samples": 40430,
    "eval_samples_per_second": 90.028,
    "eval_steps_per_second": 30.01,
    "size_of": 1444466784
}