{
    "epoch": 3.0,
    "eval_accuracy": 0.8357843137254902,
    "eval_combined_score": 0.8600337803515189,
    "eval_f1": 0.8842832469775476,
    "eval_loss": 0.3914169669151306,
    "eval_runtime": 1.6992,
    "eval_samples": 408,
    "eval_samples_per_second": 240.108,
    "eval_steps_per_second": 240.108,
    "size_of": 267824136,
    "used_cpu": 0.389453125,
    "used_cpumem": 3029,
    "used_gpu": 39.0,
    "used_gpumem": 6055.4375
}