{
    "epoch": 3.0,
    "eval_accuracy": 0.7720588235294118,
    "eval_combined_score": 0.8094231514681656,
    "eval_f1": 0.8467874794069192,
    "eval_loss": 0.4841429889202118,
    "eval_runtime": 3.3816,
    "eval_samples": 408,
    "eval_samples_per_second": 120.652,
    "eval_steps_per_second": 120.652,
    "size_of": 510348336,
    "used_cpu": 0.42734375,
    "used_cpumem": 3626,
    "used_gpu": 38.0,
    "used_gpumem": 15473.4375
}