{
    "epoch": 1.0,
    "epoch_mm": 1.0,
    "eval_accuracy": 0.8339276617422313,
    "eval_accuracy_mm": 0.8361472742066721,
    "eval_loss": 0.43062546849250793,
    "eval_loss_mm": 0.41546332836151123,
    "eval_runtime": 70.6404,
    "eval_runtime_mm": 70.3081,
    "eval_samples": 9815,
    "eval_samples_mm": 9832,
    "eval_samples_per_second": 138.943,
    "eval_samples_per_second_mm": 139.842,
    "eval_steps_per_second": 138.943,
    "eval_steps_per_second_mm": 139.842,
    "size_of": 433258508,
    "used_cpu": 0.428515625,
    "used_cpumem": 3514,
    "used_gpu": 41.0,
    "used_gpumem": 10183.4375
}