{
    "epoch": 3.0,
    "eval_combined_score": 0.8893393056057148,
    "eval_loss": 0.48226797580718994,
    "eval_pearson": 0.8912360013460102,
    "eval_runtime": 10.7625,
    "eval_samples": 1500,
    "eval_samples_per_second": 139.373,
    "eval_spearmanr": 0.8874426098654195,
    "eval_steps_per_second": 139.373,
    "size_of": 433252356,
    "used_cpu": 0.427734375,
    "used_cpumem": 2462,
    "used_gpu": 41.0,
    "used_gpumem": 10183.4375
}