{
    "eval_accuracy": 0.9061587929755133,
    "eval_combined_score": 0.889989067899224,
    "eval_f1": 0.8738193428229348,
    "eval_loss": 0.264921098947525,
    "eval_runtime": 70.041,
    "eval_samples": 40430,
    "eval_samples_per_second": 577.233,
    "eval_steps_per_second": 9.023,
    "size_of": 352389128,
    "used_cpu": 11.485,
    "used_cpumem": 3922,
    "used_gpu": 31.0,
    "used_gpumem": 8058.875
}