{
    "epoch": 1.0,
    "eval_accuracy": 0.8973781845164481,
    "eval_combined_score": 0.8800038623141788,
    "eval_f1": 0.8626295401119094,
    "eval_loss": 0.240871861577034,
    "eval_runtime": 319.9766,
    "eval_samples": 40430,
    "eval_samples_per_second": 126.353,
    "eval_steps_per_second": 126.353,
    "size_of": 433255432,
    "used_cpu": 0.428515625,
    "used_cpumem": 3791,
    "used_gpu": 44.0,
    "used_gpumem": 10185.4375
}