{
    "epoch": 3.0,
    "eval_combined_score": 0.8665448545108243,
    "eval_loss": 0.5666059851646423,
    "eval_pearson": 0.8682267624054578,
    "eval_runtime": 6.2733,
    "eval_samples": 1500,
    "eval_samples_per_second": 239.107,
    "eval_spearmanr": 0.8648629466161909,
    "eval_steps_per_second": 239.107,
    "size_of": 267821060,
    "used_cpu": 0.428515625,
    "used_cpumem": 2508,
    "used_gpu": 40.0,
    "used_gpumem": 6055.4375
}