{
    "epoch": 3.0,
    "eval_combined_score": 0.854309623529096,
    "eval_loss": 0.639966607093811,
    "eval_pearson": 0.855705723268551,
    "eval_runtime": 14.7132,
    "eval_samples": 1500,
    "eval_samples_per_second": 101.949,
    "eval_spearmanr": 0.852913523789641,
    "eval_steps_per_second": 101.949
}