{
    "epoch": 3.0,
    "eval_accuracy": 0.9151376146788991,
    "eval_loss": 0.3024940490722656,
    "eval_runtime": 6.252,
    "eval_samples": 872,
    "eval_samples_per_second": 139.476,
    "eval_steps_per_second": 139.476,
    "size_of": 433255432,
    "used_cpu": 0.428515625,
    "used_cpumem": 3495,
    "used_gpu": 41.0,
    "used_gpumem": 10185.4375
}