{
    "epoch": 3.0,
    "eval_accuracy": 0.8896210873146623,
    "eval_loss": 0.30251070857048035,
    "eval_runtime": 22.7404,
    "eval_samples": 5463,
    "eval_samples_per_second": 240.233,
    "eval_steps_per_second": 240.233,
    "size_of": 267824136,
    "used_cpu": 0.428515625,
    "used_cpumem": 3108,
    "used_gpu": 40.0,
    "used_gpumem": 6055.4375
}