{
    "epoch": 3.0,
    "eval_combined_score": 0.8744052796049226,
    "eval_loss": 0.5667558312416077,
    "eval_pearson": 0.8748741936415159,
    "eval_runtime": 6.5883,
    "eval_samples": 1500,
    "eval_samples_per_second": 227.676,
    "eval_spearmanr": 0.8739363655683293,
    "eval_steps_per_second": 227.676
}