{
    "eval_accuracy": 0.7990196078431373,
    "eval_combined_score": 0.8241421568627452,
    "eval_f1": 0.8492647058823529,
    "eval_loss": 0.45840030908584595,
    "eval_runtime": 11.5361,
    "eval_samples": 408,
    "eval_samples_per_second": 35.367,
    "eval_steps_per_second": 0.607,
    "size_of": 9950208,
    "used_cpu": 51.95,
    "used_cpumem": 3688,
    "used_gpu": 1.6666666666666667,
    "used_gpumem": 8280.875
}