{
    "epoch": 3.0,
    "eval_combined_score": 0.8659456144150297,
    "eval_loss": 0.5672308802604675,
    "eval_pearson": 0.8680861352561311,
    "eval_runtime": 6.4843,
    "eval_samples": 1500,
    "eval_samples_per_second": 231.328,
    "eval_spearmanr": 0.8638050935739283,
    "eval_steps_per_second": 231.328
}