{
    "epoch": 3.0,
    "eval_accuracy": 0.7990196078431373,
    "eval_combined_score": 0.8314034916292099,
    "eval_f1": 0.8637873754152825,
    "eval_loss": 0.4723450839519501,
    "eval_runtime": 4.0077,
    "eval_samples": 408,
    "eval_samples_per_second": 101.805,
    "eval_steps_per_second": 101.805
}