{
    "epoch": 3.0,
    "epoch_mm": 3.0,
    "eval_accuracy": 0.8210901681100357,
    "eval_accuracy_mm": 0.826586655817738,
    "eval_loss": 0.5370391011238098,
    "eval_loss_mm": 0.511863112449646,
    "eval_runtime": 68.8896,
    "eval_runtime_mm": 56.9086,
    "eval_samples": 9815,
    "eval_samples_mm": 9832,
    "eval_samples_per_second": 142.474,
    "eval_samples_per_second_mm": 172.768,
    "eval_steps_per_second": 142.474,
    "eval_steps_per_second_mm": 172.768,
    "size_of": 267827212,
    "used_cpu": 0.428515625,
    "used_cpumem": 3303,
    "used_gpu": 39.0,
    "used_gpumem": 6055.4375
}