{
    "eval_accuracy": 0.8137254901960784,
    "eval_combined_score": 0.8424559654370223,
    "eval_f1": 0.8711864406779661,
    "eval_loss": 0.4404296875,
    "eval_runtime": 0.347,
    "eval_samples": 408,
    "eval_samples_per_second": 1175.708,
    "eval_steps_per_second": 20.171,
    "size_of": 179912196,
    "used_cpu": 5.345000000000001,
    "used_cpumem": 3658,
    "used_gpu": 36.0,
    "used_gpumem": 3643.4375
}