{
    "eval_combined_score": 0.8689322345208526,
    "eval_loss": 0.5531476140022278,
    "eval_pearson": 0.8699832430016388,
    "eval_runtime": 40.7747,
    "eval_samples": 1500,
    "eval_samples_per_second": 36.788,
    "eval_spearmanr": 0.8678812260400662,
    "eval_steps_per_second": 0.589,
    "size_of": 9950208,
    "used_cpu": 51.915,
    "used_cpumem": 3210,
    "used_gpu": 4.666666666666667,
    "used_gpumem": 8429.125
}