{
    "epoch": 3.0,
    "eval_accuracy": 0.8596009518579535,
    "eval_loss": 0.3502032160758972,
    "eval_runtime": 44.3038,
    "eval_samples": 5463,
    "eval_samples_per_second": 123.308,
    "eval_steps_per_second": 123.308,
    "size_of": 333947928
}