{
    "eval_accuracy": 0.8088235294117647,
    "eval_combined_score": 0.838310069790628,
    "eval_f1": 0.8677966101694915,
    "eval_loss": 0.436967134475708,
    "eval_runtime": 0.7714,
    "eval_samples": 408,
    "eval_samples_per_second": 528.897,
    "eval_steps_per_second": 9.074,
    "size_of": 352389128,
    "used_cpu": 11.48,
    "used_cpumem": 3854,
    "used_gpu": 30.0,
    "used_gpumem": 8053.4375
}