{
    "epoch": 1.0,
    "eval_accuracy": 0.4729241877256318,
    "eval_loss": 0.6965059638023376,
    "eval_runtime": 4.8028,
    "eval_samples": 277,
    "eval_samples_per_second": 57.675,
    "eval_steps_per_second": 19.364,
    "size_of": 898388064
}