{
    "epoch": 1.0,
    "eval_accuracy": 0.8833044768736087,
    "eval_combined_score": 0.8644446715061243,
    "eval_f1": 0.8455848661386399,
    "eval_loss": 0.2673560678958893,
    "eval_runtime": 705.7867,
    "eval_samples": 40430,
    "eval_samples_per_second": 57.284,
    "eval_steps_per_second": 57.284,
    "size_of": 357684232,
    "used_cpu": 0.53359375,
    "used_cpumem": 3752,
    "used_gpu": 36.0,
    "used_gpumem": 8323.4375
}