{
    "epoch": 3.0,
    "eval_accuracy": 0.9162844036697247,
    "eval_loss": 0.3036835491657257,
    "eval_runtime": 6.5789,
    "eval_samples": 872,
    "eval_samples_per_second": 132.546,
    "eval_steps_per_second": 132.546
}