{
    "epoch": 1.0,
    "eval_combined_score": 0.7750703740867362,
    "eval_loss": 0.961936354637146,
    "eval_pearson": 0.7756679494666526,
    "eval_runtime": 45.7687,
    "eval_samples": 1500,
    "eval_samples_per_second": 32.773,
    "eval_spearmanr": 0.7744727987068197,
    "eval_steps_per_second": 10.924
}