{
    "epoch": 3.0,
    "eval_accuracy": 0.8651960784313726,
    "eval_combined_score": 0.8846050200184786,
    "eval_f1": 0.9040139616055847,
    "eval_loss": 0.3310319483280182,
    "eval_runtime": 3.0959,
    "eval_samples": 408,
    "eval_samples_per_second": 131.788,
    "eval_steps_per_second": 131.788
}