{
    "eval_loss": 0.49709150195121765,
    "eval_matthews_correlation": 0.5520601255693537,
    "eval_runtime": 2.0866,
    "eval_samples": 1043,
    "eval_samples_per_second": 499.868,
    "eval_steps_per_second": 8.147,
    "size_of": 182881816,
    "used_cpu": 5.41,
    "used_cpumem": 3174,
    "used_gpu": 45.5,
    "used_gpumem": 4328.1875
}